Name,Type,Phone,Address,Lat,Lon
"Unknown","hospital","N/A","N/A",11.8166302,7.9000148
"Tsara Primary Health Centre","hospital","N/A","N/A",11.4507448,7.7276659
"Dayaso Health Post","hospital","N/A","N/A",11.5159251,7.7354815
"Fulatan Primary Health Centre","hospital","N/A","N/A",11.400621,7.8588881
"Gwangwan Primary Health Centre","hospital","N/A","N/A",11.4870724,7.7472255
"Hago Primary Health Centre","hospital","N/A","N/A",11.4799185,7.8311742
"Ruwan Bago Health Post","hospital","N/A","N/A",11.4071835,7.7574532
"Sundu Health Post","hospital","N/A","N/A",11.3806332,7.7615261
"Tudun Magaji Health Post","hospital","N/A","N/A",11.4528744,7.7818216
"Unguwar Liman Health Post","hospital","N/A","N/A",11.4050538,7.7436668
"Unguwar Malam Amadu Health Post","hospital","N/A","N/A",11.4932289,7.7720426
"Zarewa Primary Health Centre","hospital","N/A","N/A",11.3970316,7.8119881
"Bari Primary Health Centre","hospital","N/A","N/A",11.5683198,7.7511988
"Kaleku Health Post","hospital","N/A","N/A",11.6249586,7.883484
"Karshi Health Post","hospital","N/A","N/A",11.54124,7.825976
"Kauyen Liman Health Post","hospital","N/A","N/A",11.5426114,7.820641
"Rogo General Hospital","hospital","N/A","N/A",11.5526616,7.8308789
"Tsohuwar Rogo Health Post","hospital","N/A","N/A",11.574668,7.799462
"Zoza Health Post","hospital","N/A","N/A",11.6274485,7.8718061
"Ba'Awa Health Post","hospital","N/A","N/A",11.5984067,7.9871577
"Jajaye Primary Health Centre","hospital","N/A","N/A",11.5567689,7.9357513
"Maska Health Post","hospital","N/A","N/A",11.5945109,8.0809388
"Sagondare Health Post","hospital","N/A","N/A",11.4800424,7.9547419
"Yanoko Primary Health Centre","hospital","N/A","N/A",11.4558949,7.9180823
"Dalal Health Post","hospital","N/A","N/A",11.8351422,7.9491289
"Dambazau Health Post","hospital","N/A","N/A",11.8114536,8.0292982
"Daura Health Post","hospital","N/A","N/A",11.7256288,7.9830086
"Dederi Health Post","hospital","N/A","N/A",11.8436645,8.0573574
"Dutsan Amare Health Post","hospital","N/A","N/A",11.8273137,7.9908227
"Kadafa Health Post","hospital","N/A","N/A",11.7988485,7.941187
"Kara Primary Health Centre","hospital","N/A","N/A",11.8432876,7.9591133
"Kurugu Health Post","hospital","N/A","N/A",11.8328346,8.039604
"Sabon Birni Primary Health Centre","hospital","N/A","N/A",11.8562137,8.0313367
"Sabon Fegi Health Post","hospital","N/A","N/A",11.806303,8.0639555
"Sabon Layin Kara Health Post","hospital","N/A","N/A",11.8249152,7.9326276
"Tudun Kaya Health Post","hospital","N/A","N/A",11.7332488,7.930958
"Tumfafi Health Post","hospital","N/A","N/A",11.8377453,8.02226
"Turawa Primary Health Centre","hospital","N/A","N/A",11.6976912,8.0479644
"Unguwar Tofa Health Post","hospital","N/A","N/A",11.785645,7.9596402
"Yola Primary Health Centre","hospital","N/A","N/A",11.7198087,7.9490968
"Zangun Majema Health Post","hospital","N/A","N/A",11.8161764,8.002074
"Dadin Kowa Primary Health Centre","hospital","N/A","N/A",10.7017877,8.6305712
"Dariyar Shere Primary Health Centre","hospital","N/A","N/A",10.6704612,8.7410562
"Dokar Sati Health Post","hospital","N/A","N/A",10.728985,8.619358
"Kwando Primary Health Centre","hospital","N/A","N/A",10.7083293,8.6821695
"Mekwandira Health Post","hospital","N/A","N/A",10.8088385,8.6301797
"Ririwai Primary Health Centre","hospital","N/A","N/A",10.750129,8.7279186
"Achilafiya Health Post","hospital","N/A","N/A",11.7484648,8.1386675
"Alhazawa Health Post","hospital","N/A","N/A",11.7093773,8.167287
"Bargoni Health Post","hospital","N/A","N/A",11.719051,8.1052227
"Baskore Health Post","hospital","N/A","N/A",11.8426972,8.1478795
"Dashi Health Post","hospital","N/A","N/A",11.7173406,8.227324
"Dugabau Primary Health Centre","hospital","N/A","N/A",11.8027135,8.2070991
"Gazan Health Post","hospital","N/A","N/A",11.7108499,8.1974104
"Hawadin Galadima Primary Health Centre","hospital","N/A","N/A",11.8657616,8.2355798
"Husama Health Post","hospital","N/A","N/A",11.788362,8.113176
"Kabo Cottage General Hospital","hospital","N/A","N/A",11.8511893,8.1677976
"Kafin Dabga Health Post","hospital","N/A","N/A",11.8318724,8.1230959
"Kailani Health Post","hospital","N/A","N/A",11.7301784,8.1820486
"Kanwa Health Post","hospital","N/A","N/A",11.8264287,8.1505252
"Kauyen Mahuta Health Post","hospital","N/A","N/A",11.8663042,8.1539167
"Kiru General Hospital","hospital","N/A","N/A",11.70699,8.1347617
"Malan Gajere Health Post","hospital","N/A","N/A",11.8602942,8.1921146
"Masanawa Health Post","hospital","N/A","N/A",11.8468936,8.2425612
"Unguwar Turaki Health Post","hospital","N/A","N/A",11.8202943,8.2309109
"Walawa Health Post","hospital","N/A","N/A",11.786184,8.2231491
"Yammedi Primary Health Centre","hospital","N/A","N/A",11.82384,8.0924596
"Zuwo Health Post","hospital","N/A","N/A",11.7502925,8.2055225
"Bauda Health Post","hospital","N/A","N/A",11.5889314,8.1904451
"Dangora Primary Health Centre","hospital","N/A","N/A",11.5360867,8.1572808
"Durmawa Health Post","hospital","N/A","N/A",11.6051805,8.2583199
"Gwarmai Health Post","hospital","N/A","N/A",11.5331129,8.2548513
"Kogo Primary Health Centre","hospital","N/A","N/A",11.6230036,8.1719701
"Maraku Health Post","hospital","N/A","N/A",11.6771402,8.1288908
"Tsaudawa Health Post","hospital","N/A","N/A",11.6809365,8.202676
"Yako Primary Health Centre","hospital","N/A","N/A",11.6557163,8.1929152
"Badafi Health Post","hospital","N/A","N/A",11.3734414,8.1691977
"Gajale Health Post","hospital","N/A","N/A",11.4345387,8.2370948
"Hayin Gwarmai Health Post","hospital","N/A","N/A",11.4599134,8.2035506
"Yalwa Health Post","hospital","N/A","N/A",11.4865376,8.1866211
"Maganda Health Post","hospital","N/A","N/A",10.6404903,8.7593621
"Rufai Health Post","hospital","N/A","N/A",10.6387049,8.6471287
"Yalwan Dan Musa Health Post","hospital","N/A","N/A",10.5758648,8.7159172
"Badari Health Post","hospital","N/A","N/A",11.8030905,7.893615
"Dan Gayaki Health Post","hospital","N/A","N/A",11.725309,7.903104
"Gurawa Health Post","hospital","N/A","N/A",11.7676412,7.888229
"Jama'A Primary Health Centre","hospital","N/A","N/A",11.8151982,7.8661004
"Kwanyawa Primary Health Centre","hospital","N/A","N/A",11.771775,7.867357
"Malamawa Health Post","hospital","N/A","N/A",11.8352349,7.859759
"Bauda Health Post","hospital","N/A","N/A",11.5889756,8.1904439
"Dangora Primary Health Centre","hospital","N/A","N/A",11.5360675,8.1572761
"Durmawa Health Post","hospital","N/A","N/A",11.605175,8.2583278
"Kogo Primary Health Centre","hospital","N/A","N/A",11.6230025,8.1719512
"Maraku Health Post","hospital","N/A","N/A",11.6771255,8.1288835
"Tsaudawa Health Post","hospital","N/A","N/A",11.6809406,8.2026737
"Yako Primary Health Centre","hospital","N/A","N/A",11.6556987,8.1928273
"Bankaura Health Post","hospital","N/A","N/A",12.2707934,8.3813869
"Belli Health Post","hospital","N/A","N/A",12.3118982,8.2849823
"Bum-Bum Health Post","hospital","N/A","N/A",12.2486915,8.3970018
"Daddo Health Post","hospital","N/A","N/A",12.2998701,8.3351345
"Damargu Primary Health Centre","hospital","N/A","N/A",12.2658179,8.3215707
"Damfamin Tofa Health Post","hospital","N/A","N/A",12.2226367,8.4283419
"Gawon Bature Health Post","hospital","N/A","N/A",12.2627379,8.4188614
"Gwarmai Primary Health Centre","hospital","N/A","N/A",12.3633923,8.4054439
"Jinjimawa Health Post","hospital","N/A","N/A",12.3310091,8.2737713
"Jodade Health Post","hospital","N/A","N/A",12.3720534,8.3057174
"Kawaji Health Post","hospital","N/A","N/A",12.2319051,8.3329369
"Kirya Health Post","hospital","N/A","N/A",12.2126896,8.3888751
"Kuku Primary Health Centre","hospital","N/A","N/A",12.372987,8.2819031
"Kwamarawa Health Post","hospital","N/A","N/A",12.3302322,8.3897956
"Saye Primary Health Centre","hospital","N/A","N/A",12.275517,8.3961623
"Taddangari Primary Health Centre","hospital","N/A","N/A",12.2352404,8.309361
"Tinki Health Post","hospital","N/A","N/A",12.303154,8.3925522
"Tofawa Health Post","hospital","N/A","N/A",12.3468822,8.3289016
"Tukuibi Health Post","hospital","N/A","N/A",12.2674557,8.3416815
"Yanbundu Health Post","hospital","N/A","N/A",12.2691565,8.2931442
"Yola Health Post","hospital","N/A","N/A",12.2443931,8.2875943
"Zangon Mata Health Post","hospital","N/A","N/A",12.2334392,8.4135659
"Baje Primary Health Centre","hospital","N/A","N/A",12.3653887,8.2574267
"Chiromawa Primary Health Centre","hospital","N/A","N/A",12.321506,8.1594934
"Damisa Health Post","hospital","N/A","N/A",12.309377,8.2164745
"Danzabua Primary Health Centre","hospital","N/A","N/A",12.3458238,8.1102497
"Farsa Health Post","hospital","N/A","N/A",12.3815387,8.1012747
"Gidan Nisau Health Post","hospital","N/A","N/A",12.3579904,8.192957
"Hagawa Health Post","hospital","N/A","N/A",12.2554986,8.1690565
"Karari Health Post","hospital","N/A","N/A",12.2428387,8.1744508
"Lamba Health Post","hospital","N/A","N/A",12.3400075,8.1480733
"Malikawa Sarari Health Post","hospital","N/A","N/A",12.3805223,8.1475524
"Rigana Primary Health Centre","hospital","N/A","N/A",12.3779428,8.2101924
"Rimaye Health Post","hospital","N/A","N/A",12.2665799,8.2011596
"Tatsan Health Post","hospital","N/A","N/A",12.2885597,8.0928191
"Tsidau Health Post","hospital","N/A","N/A",12.3004044,8.1492133
"Waire Health Post","hospital","N/A","N/A",12.3455345,8.2209789
"Yangwarzo Health Post","hospital","N/A","N/A",12.2743958,8.1558689
"Mariri Primary Health Centre","hospital","N/A","N/A",11.9498774,8.6091166
"Kokai Health Post","hospital","N/A","N/A",12.2187898,8.0221474
"Yanmamman Health Post","hospital","N/A","N/A",12.2622436,8.0413869
"Gwarabjawa Health Post","hospital","N/A","N/A",12.4479598,8.5418922
"Mazan Gudu Health Post","hospital","N/A","N/A",12.1953802,8.9072145
"Unknown","clinic","N/A","balari layinwaziri gombe",11.6988333,9.0859746
"Kano Emergency Operations Center","hospital","N/A","Hospital Road Nassara LGA Kano",11.995892,8.5495487
"Amino Kanu Teaching Hospital","hospital","N/A","N/A",11.9767135,8.5942116
"Unknown","hospital","N/A","N/A",11.9829314,8.5126277
"MUHAMMADIYA","hospital","N/A","N/A",12.0415267,8.5633656
"DAN TAMASHE HOSPITAL","hospital","N/A","N/A",12.0491196,8.5798504
"DALAL CLINIC","clinic","N/A","N/A",12.0462755,8.5670098
"J MEDICAL CENTER","clinic","N/A","N/A",12.0524717,8.5759033
"MADADI","clinic","N/A","N/A",11.9589743,8.4731607
"FIRST CLASS CLINIC AND MATERNITY","clinic","N/A","N/A",11.963053,8.479553
"RAHAMA CHEMIST","clinic","N/A","N/A",11.9653732,8.4762515
"DORAYI KARAMA PRIMARY HEALTH CARE","hospital","N/A","N/A",11.9650158,8.4768162
"MUBARAKUN MEDICINE","clinic","N/A","N/A",11.9626895,8.4739058
"Al Ihsan Clinics and Surgery","birthing_center;blood_donation;clinic;doctor;hospital;laboratory;pharmacy","N/A","5  Kano",11.9458206,8.5577364
